Product ID,Product Title,Parsed Vehicle Series
"gid://shopify/Product/8621563674915","Dual Cab Tub Suitable for Landcruiser 79 Series Dual Cab Ute","79 Series"
"gid://shopify/Product/8625150886179","Aftermarket LH Door for Toyota LandCruiser 75 & 73 Series","73 Series, 75 Series"
"gid://shopify/Product/8625153016099","Drivers Left Hand Guard Suitable for Landcruiser 79 Series V8","79 Series"
"gid://shopify/Product/8625154130211","Left Hand Lower Guard Landcruiser 75 Series","75 Series"
"gid://shopify/Product/8625154687267","Short Left Hand Barn Door for Landcruiser 76 series","76 Series"
"gid://shopify/Product/8755149537571","Aftermarket Single Cab Tub Suitable for Landcruiser 79 Series Ute","79 Series"
"gid://shopify/Product/8755152945443","Aftermarket Right Hand Lower Guard Suitable for Landcruiser 75 Series","75 Series"
"gid://shopify/Product/8755157991715","Aftermarket DPF Bonnet for Toyota LandCruiser 79 Series V8 (2016-Onwards)","79 Series"
"gid://shopify/Product/8755161235747","Drivers Right Hand Guard Suitable for Toyota Landcruiser 79 Series V8","79 Series"
"gid://shopify/Product/8755172409635","Aftermarket Left Hand Upper Guard Suitable for Landcruiser 75 Series","75 Series"
"gid://shopify/Product/8755172901155","Aftermarket Right Hand Upper Guard Suitable for Landcruiser 75 Series","75 Series"
"gid://shopify/Product/8755174080803","75 Series Mirrors Black","75 Series"
"gid://shopify/Product/8755174375715","75 Series Mirrors Chrome","75 Series"
"gid://shopify/Product/8755175031075","75 and 79 Series Tail Lamps","75 Series, 79 Series"
"gid://shopify/Product/8755175194915","75 Series Flares","75 Series"
"gid://shopify/Product/8755545637155","Aftermarket Single Cab Tub Ute Suitable for Landcruiser 75 Series","75 Series"
"gid://shopify/Product/8755548815651","Aftermarket Right Hand Door for Toyota LandCruiser 75 & 73 Series","73 Series, 75 Series"
"gid://shopify/Product/8939627118883","Aftermarket Radiator Support Panel Suitable for Landcruiser 75 Series","75 Series"
"gid://shopify/Product/8939629347107","Aftermarket Ute rear upper cab panel Suitable for Landcruiser 75 Series Ute","75 Series"
"gid://shopify/Product/8939630264611","Aftermarket Front Door RH Suitable for Landcruiser Dual cab and 76 Series V8 07 to 2023","76 Series"
"gid://shopify/Product/8939633377571","Front LH Door for Landcruiser Dual cab and 76 Series","76 Series"
"gid://shopify/Product/8939634131235","Aftermarket Rear Door LH Suitable for Landcruiser Dual cab and 76 Series V8 07 to 2023","76 Series"
"gid://shopify/Product/8939634786595","Aftermarket Rear Door RH Suitable for Landcruiser  Dual cab and 76 Series V8 07 to 2023","76 Series"
"gid://shopify/Product/8939636719907","Aftermarket GXL Style Chrome Grille for Toyota LandCruiser 79 Series","79 Series"
"gid://shopify/Product/8939637047587","Aftermarket Headlight Assembly Set LH and RH Suitable for Landcruiser 79 Series V8 07 to 2023","79 Series"
"gid://shopify/Product/8939637309731","HALO LED Headlight Assembly Set Suitable for Landcruiser 79 Series V8 07 to 2023","79 Series"
"gid://shopify/Product/8939637571875","Inner Guard Right Hand Suitable for Landcruiser 79 Series V8 07 to 2023","79 Series"
"gid://shopify/Product/8939637670179","Aftermarket Inner Guard LH Suitable for Landcruiser 79 Series V8 07 to 2023","79 Series"
"gid://shopify/Product/8939637801251","Aftermarket Radiator Support Suitable for Landcruiser 79 Series V8 07 to 2023","79 Series"
"gid://shopify/Product/8939637899555","Aftermarket Mesh Grille Suitable for Landcruiser 79 Series","79 Series"
"gid://shopify/Product/8939637997859","80 Series Bonnet with Badge Hole","80 Series"
"gid://shopify/Product/8939639079203","Aftermarket RH Guard Suitable for Landcruiser 80 Series","80 Series"
"gid://shopify/Product/8939639144739","Aftermarket Left Hand Guard Suitable for Landcruiser 80 Series","80 Series"
"gid://shopify/Product/8939639210275","Aftermarket Roof Panel Suitable for Toyota Landcruiser 75 Series Ute","75 Series"
"gid://shopify/Product/8939639406883","Right Hand Door for Toyota LandCruiser 79 Series Single Cab and Troop Carrier","79 Series"
"gid://shopify/Product/8939639505187","Aftermarket LH Door for Toyota LandCruiser 79 Series Single Cab and Troop Carrier","79 Series"
"gid://shopify/Product/8939639603491","Aftermarket Windscreen frame Suitable for Landcruiser 75 and 73 Series","73 Series, 75 Series"
"gid://shopify/Product/8947422298403","Aftermarket Short RH Barn Door Suitable for Landcruiser 75 Series","75 Series"
"gid://shopify/Product/8947678806307","Aftermarket Bonnet for Toyota LandCruiser 75 Series","75 Series"
"gid://shopify/Product/9632092356899","Aftermarket Right Hand Door for Toyota LandCruiser 40 Series","40 Series"
"gid://shopify/Product/9632094028067","Left Hand Door Suitable for Landcruiser 40 Series","40 Series"
"gid://shopify/Product/9632095306019","Left Hand Barn Door Suitable for Landcruiser 40 Series","40 Series"
"gid://shopify/Product/9632095469859","Aftermarket Bonnet for Toyota LandCruiser 40 Series | I Love Cruiser","40 Series"
"gid://shopify/Product/9632151142691","Aftermarket LH Half Door Suitable for Landcruiser 40 Series","40 Series"
"gid://shopify/Product/9632151339299","Aftermarket RH Half Door Suitable for Landcruiser 40 Series","40 Series"
"gid://shopify/Product/9632152191267","Aftermarket Right Hand Kick Vent Panel Suitable for Landcruiser 40 Series","40 Series"
"gid://shopify/Product/9632153108771","Aftermarket LH Kick Vent Panel Suitable for Landcruiser 40 Series","40 Series"
"gid://shopify/Product/9632155205923","Aftermarket Windscreen Frame Suitable for Landcruiser 40 Series","40 Series"
"gid://shopify/Product/9632157335843","Aftermarket Ute Rear Upper Cab Panel Suitable for Landcruiser 45 47 Series","General Land Cruiser"
"gid://shopify/Product/9632160317731","Aftermarket Left Hand Upper Guard Apron Suitable for Landcruiser 40 Series","40 Series"
"gid://shopify/Product/9632160547107","Right Hand Lower Guard Suitable for 40 Series Landcruiser","40 Series"
"gid://shopify/Product/9632162021667","Aftermarket Right Hand Upper Guard Apron Suitable for Landcruiser 40 Series","40 Series"
"gid://shopify/Product/9633901084963","Aftermarket Ute Rear Lower Cab Panel Suitable for Landcruiser 45 47 Series","General Land Cruiser"
"gid://shopify/Product/9633905836323","Aftermarket Left Hand Lower Guard Suitable for 40 Series Landcruiser","40 Series"
"gid://shopify/Product/9633909014819","Aftermarket Upper Cowl Panel Suitable for Landcruiser 40 Series","40 Series"
"gid://shopify/Product/9633917665571","Aftermarket Troop Carrier RH Side Upper Panel Suitable for 40 Series","40 Series"
"gid://shopify/Product/9633918648611","Aftermarket Troop Carrier LH Side Upper Panel Suitable for 40 Series","40 Series"
"gid://shopify/Product/9633919729955","Aftermarket Ute Roof Panel Suitable for 45 and 47 Series Landcruiser","General Land Cruiser"
"gid://shopify/Product/9633920680227","Aftermarket Left Hand Side Upper Panel Suitable for 40 Series FJ40 BJ40 42","40 Series"
"gid://shopify/Product/9633922220323","Aftermarket Right Hand Side Upper Panel Suitable for 40 Series FJ40 BJ40 42","40 Series"
"gid://shopify/Product/9633934901539","Brown LH RH Door Card Set for Toyota Landcruiser 70 Series","70 Series"
"gid://shopify/Product/9633963082019","Aftermarket LH Door Seal Suitable for Landcruiser 79 Series and Troop Carrier","79 Series"
"gid://shopify/Product/9633965211939","Aftermarket Right Hand Door Seal Suitable for Landcruiser 79 Series and Troop Carrier","79 Series"
"gid://shopify/Product/9633965736227","Aftermarket Bib Apron Radiator Support Panel Suitable for 40 Series","40 Series"
"gid://shopify/Product/9633966817571","Aftermarket Right Hand Sill Rocker Panel Suitable for  40 Series Landcruiser","40 Series"
"gid://shopify/Product/9633967800611","Aftermarket LH Sill Rocker Panel Suitable for 40 Series Landcruiser","40 Series"
"gid://shopify/Product/9633970782499","Aftermarket Grille Light Bezel Panel Suitable for 40 Series Landcruiser Late Model","40 Series"
"gid://shopify/Product/9759838273827","Aftermarket LED Tail Light Tray and Tub Suitable for Landcruiser 79 Series","79 Series"
"gid://shopify/Product/9759854264611","Aftermarket 70th Anniversary Black Headlight Set Pair for 79 Series Landcruiser","79 Series"
"gid://shopify/Product/9759858032931","Aftermarket Grey Magnetic Arm Rest Cupholder Set Long Version Suitable for 70 Series Landcruiser","70 Series"
"gid://shopify/Product/9759862685987","Aftermarket Grey Magnetic Arm Rest Cupholder Set Suitable for 70 Series Landcruiser","70 Series"
"gid://shopify/Product/9759864258851","Aftermarket Carbon Magnetic Arm Rest Cupholder Set Suitable for Landcruiser 70 Series","70 Series"
"gid://shopify/Product/9759886573859","Aftermarket Roof Console for Toyota LandCruiser 70 Series","70 Series"
"gid://shopify/Product/9759890702627","Half Centre Console with Cup Holders for Toyota LandCruiser 70 Series","70 Series"
"gid://shopify/Product/9759897649443","Aftermarket Carbon Magnetic Arm Rest Cupholder Set Long Version Suitable for Landcruiser 70 Series","70 Series"
"gid://shopify/Product/9759902564643","Full Centre Console suitable for LandCruiser 70 series dual cab 76","70 Series, 76 Series"
"gid://shopify/Product/9759925043491","Landcruiser 79 Series GR Mesh Upgrade Grille","79 Series"
"gid://shopify/Product/9759929270563","Landcruiser 79 Series GR Steering Wheel Carbon Fibre","79 Series"
"gid://shopify/Product/9759933595939","Aftermarket Sandy Taupe Colour Coded Grille Suitable for Landcruiser 79 Series","79 Series"
"gid://shopify/Product/9762315370787","Aftermarket Beige Brown Magnetic Arm Rest Cupholder Set Suitable for Landcruiser 70 Series","70 Series"
"gid://shopify/Product/9762324578595","Aftermarket Upgrade Mesh Grille Black Suitable for 79 Series Landcruiser","79 Series"
"gid://shopify/Product/9765086691619","Aftermarket Rear Seat Cupholders Suitable for 76 series and Dual Cab","76 Series"
"gid://shopify/Product/9765090984227","Aftermarket Bonnet Strut Kit Suitable for Landcruiser 70 Series","70 Series"
"gid://shopify/Product/9765099143459","Upgrade Dash Switch Panel Suitable for LandCruiser 79 Series","79 Series"
"gid://shopify/Product/9765102616867","Aftermarket Manual Tow Mirrors Suitable for Landcruiser 70 Series","70 Series"
"gid://shopify/Product/9765146460451","Aftermarket Black Door Handle Suitable for Landcruiser 70 Series","70 Series"
"gid://shopify/Product/9765149016355","Aftermarket Chrome Door Handle Suitable for Landcruiser 70 Series","70 Series"
"gid://shopify/Product/9765158420771","Aftermarket 70th Anniversary Style Console Unit With USB for Landcruiser 70 Series","70 Series"
"gid://shopify/Product/9765169037603","Aftermarket GXL Style Dual Cab TUB Flare Kit for Toyota LandCruiser 79 Series","79 Series"
"gid://shopify/Product/9765208129827","Landcruiser 79 Series Upgrade Steering Wheel Carbon Fibre","79 Series"
"gid://shopify/Product/9765240897827","LED Tail Light Assembly Suitable for Landcruiser 76 Series","76 Series"
"gid://shopify/Product/9765245550883","Half LED Tail Light Assembly Suitable for Landcruiser 76 Series","76 Series"
"gid://shopify/Product/9765252530467","Tub Latches Set for Toyota LandCruiser 70 Series","70 Series"
"gid://shopify/Product/9765276811555","Dash Insert Cup Holders Suitable for Landcruiser 79 Series","79 Series"
"gid://shopify/Product/9765293687075","Electric Tow Mirror with Indicators suitable for Landcruiser 70 Series","70 Series"
"gid://shopify/Product/9787579203875","Landcruiser 79 Series GR Mesh Upgrade Grille Silver With LED Lights","79 Series"
"gid://shopify/Product/9929533391139","Crystal Clear LED Indicator Turn Signal Side Marker to Suit Landcruiser 70 Series","70 Series"
"gid://shopify/Product/9929537421603","Black LED Indicator Turn Signal Side Marker to Suit Toyota Landcruiser 70 Series","70 Series"
"gid://shopify/Product/9929538437411","Silver Stainless Steel Door Step Trims Suitable for 70 Series Landcruiser Single Cab","70 Series"
"gid://shopify/Product/9929541157155","Black Stainless Steel Door Step/Sill Trims Suitable for 70 Series Landcruiser Single Cab","70 Series"
"gid://shopify/Product/9929542828323","Black Stainless Steel Door Step/Sill Trims Suitable for 70 Series Landcruiser Dual Cab and 76","70 Series, 76 Series"
"gid://shopify/Product/9929543680291","Silver Stainless Steel Door Step Trims Suitable for 70 Series Landcruiser Dual Cab and 76","70 Series, 76 Series"
"gid://shopify/Product/9929549709603","Grey Aluminium Grab Handle for 70 Series Landcruiser Single Cab","70 Series"
"gid://shopify/Product/9929553346851","Silver Aluminium Grab Handle for 70 Series Landcruiser Single Cab","70 Series"
"gid://shopify/Product/9929590178083","Aftermarket Hinge Pillar Right Hand Side to suit 70 Series Landcruiser","70 Series"
"gid://shopify/Product/9929618948387","Aftermarket Hinge Pillar Left Hand Side to suit 70 Series Landcruiser (Photo Shows Right Hand)","70 Series"
"gid://shopify/Product/9929620488483","Aftermarket A Pillar Left Hand Side to suit 70 Series Landcruiser","70 Series"
"gid://shopify/Product/9929649946915","Aftermarket A Pillar Right Hand Side (Driver) to suit 70 Series Landcruiser","70 Series"
"gid://shopify/Product/10033193746723","Black Front Corner LED Indicator Lense to Suit Toyota Landcruiser 79 Series","79 Series"
"gid://shopify/Product/10033194696995","Clear Front Corner LED Indicator Lense to Suit Toyota Landcruiser 79 Series","79 Series"
"gid://shopify/Product/10033196302627","Aftermarket Grey Door Card Set LH & RH Landcruiser 70 Series","70 Series"
"gid://shopify/Product/10033202397475","GXL Electric Door Card Set LH RH for Landcruiser 70 Series Single Cab","70 Series"
"gid://shopify/Product/10033203413283","Aftermarket Roof Skin for Toyota Landcruiser 79 Series Ute Single Cab","79 Series"
"gid://shopify/Product/10033203773731","Manual Grey LH RH Door  Set for Landcruiser 70 Dual Cab & 76","70 Series, 76 Series"
"gid://shopify/Product/10033214882083","FRP Top LH Side Skin Panel Suitable for 73 Series Landcruiser","73 Series"
"gid://shopify/Product/10033215176995","FRP Top RH Side Skin Panel Suitable for 73 Series Landcruiser","73 Series"
"gid://shopify/Product/10033215373603","Aftermarket Sill Plenum Scuttle Panel Suitable for Landcruiser 70 Series","70 Series"
"gid://shopify/Product/10033216192803","Aftermarket Front Bumper Bar for Toyota 40 Series Landcruiser","40 Series"
"gid://shopify/Product/10033218388259","Aftermarket Full Floor Pan Panel to Suit Late 40 Series Toyota Landcruiser","40 Series"
"gid://shopify/Product/10033219109155","Aftermarket Rear Floor Pan Panel to Suit Late 40 Series Toyota Landcruiser","40 Series"
"gid://shopify/Product/10033219993891","Aftermarket Full Floor Pan Panel to Suit 70 Series Toyota Landcruiser","70 Series"
"gid://shopify/Product/10033220616483","Right Hand Pillar Cap Repair Set to Suit 70 Series Toyota Landcruiser","70 Series"
"gid://shopify/Product/10033220878627","Aftermarket Pillar Cap Repair Set to Suit 70 Series Toyota Landcruiser LH","70 Series"
"gid://shopify/Product/10033221927203","Aftermarket Left Hand Floor Pan to Suit Early 40 Series Toyota Landcruiser","40 Series"
"gid://shopify/Product/10033222320419","Aftermarket Right Hand Floor Pan to Suit Early 40 Series Toyota Landcruiser","40 Series"
"gid://shopify/Product/10033223368995","Aftermarket Black Bar Grille Suitable for Landcruiser 79 Series","79 Series"
"gid://shopify/Product/10033224089891","Aftermarket Thickened Left Hand Floor Pan to Suit Late 40 Series Toyota Landcruiser","40 Series"
"gid://shopify/Product/10033224483107","Aftermarket Thickened Right Hand Floor Pan to Suit Late 40 Series Toyota Landcruiser","40 Series"
"gid://shopify/Product/10033226285347","Aftermarket Full Firewall Panel to Suit Late 40 Series Toyota Landcruiser","40 Series"
"gid://shopify/Product/10033242013987","Aftermarket Rear Corner Patch Panel RH to Suit Late 40 Series Toyota Landcruiser","40 Series"
"gid://shopify/Product/10033242308899","Aftermarket Rear Corner Patch Panel LH to Suit Late 40 Series Toyota Landcruiser","40 Series"
"gid://shopify/Product/10033242603811","Aftermarket Lower Apron Fill Panel to Suit Late 70 Series Toyota Landcruiser","70 Series"
"gid://shopify/Product/10033243160867","Aftermarket Lower Apron Fill Trim Panel to Suit Late 79 Series Toyota Landcruiser","79 Series"
"gid://shopify/Product/10033243324707","Inner Sill Rocker RH Panel to Suit 40 Series Toyota Landcruiser","40 Series"
"gid://shopify/Product/10033243521315","Inner Sill Rocker LH Panel to Suit 40 Series Toyota Landcruiser","40 Series"
"gid://shopify/Product/10033250205987","Aftermarket Front Door Upper Support Panel LH to Suit 40 Series Toyota Landcruiser","40 Series"
"gid://shopify/Product/10033250500899","Aftermarket Front Door Upper Support Panel RH to Suit 40 Series Toyota Landcruiser","40 Series"
"gid://shopify/Product/10033250697507","Aftermarket Barn Door Upper Panel to Suit 40 Series Toyota Landcruiser","40 Series"
"gid://shopify/Product/10033250959651","GXL Electric LH and RH Door Card Set for Landcruiser 70 Series Dual Cab 76 Series","70 Series, 76 Series"
"gid://shopify/Product/10033251778851","Aftermarket Side Step Set to Suit Late 40 Series Toyota Landcruiser","40 Series"
"gid://shopify/Product/10033252008227","Aftermarket Wiper Motor Cover to Suit 40 Series Toyota Landcruiser","40 Series"
"gid://shopify/Product/10033559863587","ABS Floor Mats for Toyota LandCruiser 79 Series Single Cab","79 Series"
"gid://shopify/Product/10033561403683","ABS Floor Mats to suit 79 Series Dual Cab 76 Toyota LandCruiser","76 Series, 79 Series"
"gid://shopify/Product/10033738809635","70 Series Landcruiser Single Cab and Troopcarrier Weather Shields","70 Series"
"gid://shopify/Product/10033739202851","Weather Shields window visors for Landcruiser Dual Cab 70 &76 Series","70 Series, 76 Series"
"gid://shopify/Product/10061442580771","Aftermarket Bonnet to Suit Toyota Landcruiser 70 and 75 Series With DPF Scoop","70 Series, 75 Series"
"gid://shopify/Product/10063735750947","Smoke Black Premium Sequential LED Indicator Turn Signal Side Marker to Suit Landcruiser 70 Series","70 Series"
"gid://shopify/Product/10087579353379","LED Tail Lights Suitable for Toyota Landcruiser Troop Carrier Troopy 78 Series","78 Series"
"gid://shopify/Product/10116826497315","Aftermarket Sun Shade Sun Visor Grey For Toyota Landcruiser 70 Series","70 Series"
"gid://shopify/Product/10120388837667","Electric Windows and Central Lock Kit for 70 Series Toyota Landcruiser","70 Series"
"gid://shopify/Product/10207088181539","Westralia Parabolic Suspension Kit for 79 and 78 Series Toyota Landcruiser","78 Series, 79 Series"
"gid://shopify/Product/10207090704675","Aftermarket Wiper Motor for 40 Series Toyota Landcruiser Late","40 Series"
"gid://shopify/Product/10207094767907","Aftermarket Bonnet for Toyota LandCruiser 60 Series","60 Series"
"gid://shopify/Product/10223412904227","Westralia Parabolic Suspension Kit for 75 Series Ute and 75 Troop Carrier Toyota Landcruiser","75 Series"
"gid://shopify/Product/10223416574243","Right Hand Front Indicator Assembly for 40 Series Toyota Landcruiser","40 Series"
"gid://shopify/Product/10223417622819","Left Hand Front Indicator Assembly for 40 Series Toyota Landcruiser","40 Series"
"gid://shopify/Product/10223441051939","70 Series Land Cruiser Gear Knobs Set","70 Series"
"gid://shopify/Product/10223442526499","Upgrade Black Side Mirrors for Toyota Landcruiser 70 76 Series and 60 Series Power Mirror/Fold/Indicators","60 Series, 70 Series, 76 Series"
"gid://shopify/Product/10223443706147","Aftermarket Wiper Motor for 70 Series Toyota landcruiser","70 Series"
"gid://shopify/Product/10223444427043","Phone Holder Cradle for 70 Series Toyota Landcruiser","70 Series"
"gid://shopify/Product/10223449309475","Upgrade Pinch Weld Door Seal Kit for 70 Series Toyota Landcruiser Smaller Profile","70 Series"
"gid://shopify/Product/10223452193059","Gear Stick Extension for 70 Series Toyota Landcruiser and Other Models","70 Series"
"gid://shopify/Product/10223453667619","7 Inch LED Headlight Assembly for Toyota Landcruiser with Indicator Ring (set of 2)","General Land Cruiser"
"gid://shopify/Product/10223453995299","7 Inch LED Headlight Assembly for Toyota Landcruiser (set of 2)","General Land Cruiser"
"gid://shopify/Product/10223455502627","Pillar Pods for Toyota Landcruiser 79 Series and Troop Carrier","79 Series"
"gid://shopify/Product/10223455863075","Phone Holder Magnet Type for 70 Series Toyota Landcruiser","70 Series"
"gid://shopify/Product/10223456616739","Electric Power Window and Central Lock Kit for 70 Series Toyota Landcruiser (Tight Ass Version)","70 Series"
"gid://shopify/Product/10223456780579","Central Lock Kit for 70 Series Toyota Landcruiser","70 Series"
"gid://shopify/Product/10223458844963","High Powered H4 LED Globes","Universal"
"gid://shopify/Product/10223458943267","Medium Powered H4 LED Globes","Universal"
"gid://shopify/Product/10223484928291","RH Drivers Electric Power Window Regulator for Landcruiser 70 Series Full Glass Window","70 Series"
"gid://shopify/Product/10223485583651","LH Passenger Electric Power Window Regulator for Toyota Landcruiser 70 Series Full Glass Window","70 Series"
"gid://shopify/Product/10223572222243","Early LH Kick Vent Panel Suitable for Landcruiser 40 Series Early","40 Series"
"gid://shopify/Product/10223572353315","Early RH Kick Vent Panel Suitable for Landcruiser 40 Series Early","40 Series"
"gid://shopify/Product/10223583592739","Driver Lower Firewall to Floor Panel suits 40 Series Toyota Landcruiser","40 Series"
"gid://shopify/Product/10223584084259","Passenger Lower Firewall to Floor Panel suits 40 Series Toyota Landcruiser","40 Series"
"gid://shopify/Product/10223597781283","Aftermarket Radio Panel Suitable for Late 40 Series Toyota Landcruiser","40 Series"
"gid://shopify/Product/10223608234275","Windscreen Glass Panel Suitable for Late 40 Series Toyota Landcruiser 76 Onwards","40 Series, 76 Series"
"gid://shopify/Product/10223619178787","Left Hand Rear Upper Cab Large Glass Panel For 40 Series Toyota Landcruiser Short","40 Series"
"gid://shopify/Product/10223620915491","Right Hand Rear Upper Cab Large Glass Panel For 40 Series Toyota Landcruiser Short","40 Series"
"gid://shopify/Product/10223627862307","Rear Upper Cab Glass Panel for Late 40 Series Toyota Landcruiser","40 Series"
"gid://shopify/Product/10236083994915","Aftermarket Low Roof Panel Skin for Toyota 60 Series LandCruiser","60 Series"
"gid://shopify/Product/10236085305635","Aftermarket High Roof Sahara Panel Skin for Toyota 60 Series Landcruiser No Sunroof Hole","60 Series"
"gid://shopify/Product/10236166897955","Aftermarket Wiper Linkage for 70 Series Toyota Landcruiser OEM 85150-60131","70 Series"
"gid://shopify/Product/10236187410723","Aftermarket Wiper Linkage for 70 Series Toyota Landcruiser Fold Down Windscreen OEM 85150-60151","70 Series"
"gid://shopify/Product/10236195045667","Aftermarket Door Check Strap for 70 Series Toyota Landcruiser OEM 68610-60040","70 Series"
"gid://shopify/Product/10236200190243","Aftermarket Right Hand Guard Suitable for Toyota Landcruiser 60 Series","60 Series"
"gid://shopify/Product/10236215296291","Aftermarket Left Hand Guard Suitable for Toyota Landcruiser 60 Series","60 Series"
"gid://shopify/Product/10236224766243","Aftermarket Right Hand Front Door for Toyota LandCruiser 60 Series","60 Series"
"gid://shopify/Product/10236314091811","Aftermarket Left Hand Front Door for Toyota LandCruiser 60 Series","60 Series"
"gid://shopify/Product/10236315959587","Aftermarket Left Hand Rear Door Suitable for 60 Series LandCruiser","60 Series"
"gid://shopify/Product/10236317729059","Aftermarket Right Hand Rear Door for Toyota LandCruiser 60 Series","60 Series"
"gid://shopify/Product/10236359213347","Aftermarket Right Hand Driver Regulator for Toyota Landcruiser 70 75 79 78 Series","70 Series, 75 Series, 78 Series, 79 Series"
"gid://shopify/Product/10236359508259","Aftermarket Left Hand Passenger Regulator for Toyota LandCruiser 70 75 79 78 Series","70 Series, 75 Series, 78 Series, 79 Series"
"gid://shopify/Product/10236389589283","Aftermarket Right Hand Drivers Door Lock For 70 75 78 79 Series Landcruiser","70 Series, 75 Series, 78 Series, 79 Series"
"gid://shopify/Product/10236389851427","Aftermarket Left Hand Passenger Door Lock For 40 Series Landcruiser","40 Series"
"gid://shopify/Product/10236403220771","Aftermarket Side Step Bracket Suitable for 40 Series Landcruiser","40 Series"
"gid://shopify/Product/10236409643299","Aftermarket Right Hand Drivers Front Door Glass Bailey Channel Toyota 40 Series Landcruiser","40 Series"
"gid://shopify/Product/10236411216163","Aftermarket Left Hand Passenger Front Door Glass Bailey Channel Toyota 40 Series Landcruiser","40 Series"
"gid://shopify/Product/10236436218147","E Locker Rear Diff Locker Centre For 75 Series Toyota Landcruiser Complete Differential","75 Series"
"gid://shopify/Product/10236490809635","Diff Locker Elocker Diff Centre For 75 Series Toyota Landcruiser Complete Differential","75 Series"
"gid://shopify/Product/10279088914723","ORICOM DTX600 Waterproof IP67 5 Watt Handheld UHF CB Radio (Black)","Universal"
"gid://shopify/Product/10279104184611","Oricom Automatic Tyre Deflators (4pk) ATD01","Universal"
"gid://shopify/Product/10279108116771","Oricom AIR40 Twin Cylinder Air Compressor + Inflation Kit","Universal"
"gid://shopify/Product/10279111524643","Oricom Heavy Duty Folding Antenna Bracket BR610BK","Universal"
"gid://shopify/Product/10279114146083","Oricom Antenna 6.5dbi UHF CB Antenna H/Duty Barrel Spring FGW 960mm ANU236","Universal"
"gid://shopify/Product/10279130300707","Oricom UHF390R4X4 ANU856 - 4X4 Offroad Pack","Universal"
"gid://shopify/Product/10279139180835","Oricom UHF390R 5W UHF CB Radio | With Controller Speaker Mic | Fast Flat Rate Shipping Australia Wide","Universal"
"gid://shopify/Product/10279143276835","Oricom DTX4200XPK and ANU1100 4x4 Ultimate Touring Pack","Universal"
"gid://shopify/Product/10279145701667","Oricom DTX4200X6PK Outback Value Pack NEW DTX4200XP with ANU916 and MMM100","Universal"
"gid://shopify/Product/10280121925923","ORICOM DTX600OR Waterproof IP67 5 Watt Handheld UHF CB Radio (Orange)","Universal"
"gid://shopify/Product/10280135426339","Oricom DTX4200XP Dual Receive UHF CB Radio, MMM100","Universal"
"gid://shopify/Product/10280150073635","Oricom 2-in-1 All-Terrain UHF CB Antenna for low/high gain (3dbi/6.5dbi) ANU806AT","Universal"
"gid://shopify/Product/10280151875875","Oricom 6.5dBi Pink UHF CB Antenna with Detachable Pole 1140mm ANU806PNK","Universal"
"gid://shopify/Product/10280197357859","Ultimate9 EVC Throttle Controller MITSUBISHI TRITON EVC313L","Universal"
"gid://shopify/Product/10280205156643","Ultimate9 EVC Throttle Controller TOYOTA EVC171","Universal"
"gid://shopify/Product/10280212300067","Ultimate9 EVC Throttle Controller FORD EVC622L","Universal"
"gid://shopify/Product/10280214298915","Ultimate9 MPN EVC319L MAHINDRA","Universal"
"gid://shopify/Product/10280309358883","Carbon Offroad MegaPro Winch Hook - Recovery CW-MPHOOK-BLACK","Universal"
"gid://shopify/Product/10280313061667","Carbon Offroad MegaPro Winch Hook - Recovery CW-MPHOOK-RED","Universal"
"gid://shopify/Product/10280314929443","Carbon Offroad MegaPro Winch Hook - Recovery CW-MPHOOK-SILVER","Universal"
"gid://shopify/Product/10280325447971","Carbon Offroad 12K V3X Winch CW-12KV3X","Universal"
"gid://shopify/Product/10280330101027","Carbon Offroad Winch Accessory Kit 12v CW-WAK","Universal"
"gid://shopify/Product/10280334098723","Carbon Offroad Scout Pro Winch V3 15000lb 15K CW-XD15V3WO","Universal"
"gid://shopify/Product/10280338915619","Carbon Offroad Air Free Spool Clutch Upgrade for 12K & Scout Pro Winches CW-AFS","Universal"
"gid://shopify/Product/10280341700899","Carbon Offroad 4.75T Bow Shackle CWA-SHAK45","Universal"
"gid://shopify/Product/10280347336995","Carbon Offroad Mega Pro Tow Hitch 5000kg - Tow Bar Mounted Recovery Hitch CW-MP5TH","Universal"
"gid://shopify/Product/10280349139235","Carbon Offroad 10T Recovery Ring CW-RR100-B","Universal"
"gid://shopify/Product/10280351367459","Carbon Offroad Recovery Gear Bag with Winch Damper Function CW-ERK-B","Universal"
"gid://shopify/Product/10280353366307","Carbon Offroad 4x4 Vehicle All Purpose Recovery Rope CR-APR-12T","Universal"
"gid://shopify/Product/10280355332387","Carbon Offroad High-Vis 4x4 Soft Shackle CR-SS-18T-HV","Universal"
"gid://shopify/Product/10283110695203","Fulcrum 2 Inch 50mm Formula 4x4 Big Bore Lift Kit to suit Toyota LandCruiser 75 Series from 1984 to 1999 CRUS-047","75 Series"
"gid://shopify/Product/10283118887203","Fulcrum 2 Inch Formula 4x4 Big Bore Lift Kit to suit Toyota Landcruiser 78/79 Series - 1999-2007","78 Series, 79 Series"
"gid://shopify/Product/10283121574179","Fulcrum 2 Inch 50mm Bilstein 4x4 Lift Kit to suit Toyota Landcruiser 79 Series 1990-2006","79 Series"
"gid://shopify/Product/10283122196771","Fulcrum 2 Inch 50mm Formula 4x4 Big Bore Lift Kit to suit Toyota Landcruiser 78, 79 Series 2007-on","78 Series, 79 Series"
"gid://shopify/Product/10283125670179","Fulcrum 2 Inch 50mm Formula 4x4 Premium Big Bore Lift Kit to suit Toyota LandCruiser 78 & 79 Series from 2007 to 07/2016 (only suits models with straight Radius Arms)","78 Series, 79 Series"
"gid://shopify/Product/10283128750371","Fulcrum 2 Inch 50mm Adjustable F4R Formula 4x4 Adjustable Lift Kit to suit Toyota LandCruiser 78 & 79 Series 2007-on","78 Series, 79 Series"
"gid://shopify/Product/10283131404579","Fulcrum 4200kg Formula 4x4 F4R GVM Upgrade Kit to suit Toyota LandCruiser 79 Series 2022-on","79 Series"
"gid://shopify/Product/10283136712995","TAG+ Heavy Duty Towbar EFS -TOYOTA LANDCRUISER UTE 75Series / 79 Series. Single Cab models only 1985-07/2012.","79 Series"
"gid://shopify/Product/10283137204515","TAG Heavy Duty Towbar EFS to suit Toyota LandCruiser 79 Series (Single/double cab) (08/12-on)","79 Series"
"gid://shopify/Product/10283137696035","TAG 4"" Drop Forged Tow Ball Mount EFS - 241mm Long, 50mm Square Hitch","Universal"
"gid://shopify/Product/10283138548003","TAG Tow Ball EFS Weight Scale","Universal"
"gid://shopify/Product/10283138679075","TAG Hitch Pin & R-Clip EFS - Easy Grip","Universal"
"gid://shopify/Product/10283138973987","TAG Chrome Tow Ball EFS - 50mm, 3.5 tonne","Universal"
"gid://shopify/Product/10285304807715","EFS 2"" Suspension/Lift Kit Toyota LandCruiser 79 Series Dual Cab 1999 - 2006","79 Series"
"gid://shopify/Product/10285306773795","EFS 2"" Suspension/Lift Kit Toyota LandCruiser 79 Series Dual Cab 2007- Onwards","79 Series"
"gid://shopify/Product/10285308870947","EFS Rear Greasable Shackles Toyota LandCruiser 79 Series Dual Cab","79 Series"
"gid://shopify/Product/10285309264163","EFS Rear Greasable Fixed Pins Toyota LandCruiser 79 Series Dual Cab","79 Series"
"gid://shopify/Product/10285310017827","EFS Steering Damper Toyota LandCruiser 79 Series Dual Cab","79 Series"
"gid://shopify/Product/10285311426851","EFS Steering Damper Extreme Toyota LandCruiser 79 Series Dual Cab","79 Series"
"gid://shopify/Product/10285313098019","EFS 2"" Suspension/Lift Kit Toyota LandCruiser 75 Series","75 Series"
"gid://shopify/Product/10285316866339","EFS Folding Chair","Universal"
"gid://shopify/Product/10285323944227","ENGEL 40L ELITE Series Fridge/Freezer","Universal"
"gid://shopify/Product/10285325287715","Engel 40 Litre Portable Fridge-Freezer","40 Series"
"gid://shopify/Product/10285326795043","Engel 60 Litre Portable Fridge-Freezer","60 Series"
"gid://shopify/Product/10285327974691","ENGEL 60L ELITE Series FridgeFreezer","Universal"
"gid://shopify/Product/10285329121571","ENGEL Soft Cooler Bag 28 Litre","Universal"
"gid://shopify/Product/10285330563363","ENGEL R3000iE 3kW Pure Sinewave Generator","Universal"
"gid://shopify/Product/10285331382563","ENGEL Fridge Slide Suit 60 and 80 litre Fridge-Freezers","60 Series, 80 Series"
"gid://shopify/Product/10285331677475","ENGEL Fridge Slide Suit 32-40 litre Fridge-Freezers","40 Series"
"gid://shopify/Product/10285335249187","EvaKool 40L Platinum Drawer Fridge Freezer","Universal"
"gid://shopify/Product/10289862246691","TRACK AUTO 3 Inch LED Work Light","Universal"
"gid://shopify/Product/10289920672035","TRACK AUTO 7 Inch Premium LED Headlight","Universal"
"gid://shopify/Product/10289957830947","RGB Headlights To Suit 2024 Facelift Toyota Landcruiser 79 Series","79 Series"
"gid://shopify/Product/10290071568675","Inner Door Handle Electric Windows for Toyota Landcruiser RV and GXL 70 & 79 series Black and Grey","70 Series, 79 Series"
"gid://shopify/Product/10291799818531","LED Cabin Light Upgrade Suitable for Toyota Landcruiser 70 Series","70 Series"
"gid://shopify/Product/10291854836003","Air Vent Cup Holders Suitable for Toyota Landcruiser 79 Series","79 Series"
"gid://shopify/Product/10291894190371","Rear Centre Console with Cup Holders for Toyota LandCruiser 70 Series","70 Series"
"gid://shopify/Product/10291986759971","Black Stainless Steel Sill Trims Barn Door Rear Suitable for 76/78/100/105/200/300 Series Landcruiser","76 Series, 78 Series, 100 Series, 105 Series, 200 Series, 300 Series"
"gid://shopify/Product/10292011368739","Stainless Steel Trunk Sill (Rear) Trims Suitable for 76/78/100/105/200/300 Series Landcruiser's","76 Series, 78 Series, 100 Series, 105 Series, 200 Series, 300 Series"
"gid://shopify/Product/10292013302051","Black Side LED Indicator to Suit Toyota Landcruiser 70 Series","70 Series"
"gid://shopify/Product/10292029456675","Floor Mats for Toyota LandCruiser 79 Series Single Cab","79 Series"
"gid://shopify/Product/10292047708451","Heavy Duty TPE Moulded Floor Mats for Toyota LandCruiser 79 Series Dual Cab","79 Series"
"gid://shopify/Product/10292048625955","Heavy Duty TPE 3D Moulded Floor Mats for Toyota LandCruiser 300 Series","300 Series"
"gid://shopify/Product/10292051312931","Heavy Duty 3D Moulded Floor Mats for Toyota Landcruiser 200 Series","200 Series"
"gid://shopify/Product/10296975786275","Aftermarket Left Hand Drivers Door Lock For 70 75 78 79 Series Landcruiser","70 Series, 75 Series, 78 Series, 79 Series"
"gid://shopify/Product/10296976179491","Aftermarket Right Hand Passenger Door Lock For 40 Series Landcruiser","40 Series"
"gid://shopify/Product/10296977326371","Aftermarket Left Hand Passenger Regulator for Toyota LandCruiser 40 Series","40 Series"
"gid://shopify/Product/10296978309411","Aftermarket Right Hand Passenger Regulator for Toyota LandCruiser 40 Series","40 Series"
"gid://shopify/Product/10296979620131","Aftermarket LH Kick Vent Panel Insert Door Flap Suitable for Landcruiser 40 Series","40 Series"
"gid://shopify/Product/10296980111651","Aftermarket RH Kick Vent Panel Insert Door Flap Suitable for Landcruiser 40 Series","40 Series"
"gid://shopify/Product/10296983748899","Aftermarket Hinge Kit to suit 45/47 Series Landcruiser","General Land Cruiser"
"gid://shopify/Product/10296992497955","Aftermarket Hinge Kit to suit 40/FJ40/Troop Carrier Series Landcruiser","40 Series"
"gid://shopify/Product/10296993808675","Aftermarket Windscreen Frame Hinge to suit 40 Series Landcruiser","40 Series"
"gid://shopify/Product/10296997085475","Aftermarket Barn Door Lower Hinge to suit 40 Series Landcruiser","40 Series"
"gid://shopify/Product/10296998986019","Aftermarket Barn Door Upper Hinge to suit 40 Series Landcruiser","40 Series"
"gid://shopify/Product/10297000427811","Aftermarket Bonnet Hinge to suit 40 Series Landcruiser","40 Series"
"gid://shopify/Product/10297001247011","Aftermarket LH Door Hinge to suit 40 Series Landcruiser","40 Series"
"gid://shopify/Product/10297002197283","Aftermarket RH Door Hinge to suit 40 Series Landcruiser","40 Series"
"gid://shopify/Product/10297003245859","Aftermarket RH Outer Door Handle to suit 40 Series Landcruiser","40 Series"
"gid://shopify/Product/10297004818723","Aftermarket LH Outer Door Handle to suit 40 Series Landcruiser","40 Series"
"gid://shopify/Product/10297024545059","Aftermarket LH Side Mirror to suit 40 Series Landcruiser","40 Series"
"gid://shopify/Product/10297037193507","Aftermarket RH Side Mirror to suit 40 Series Landcruiser","40 Series"
"gid://shopify/Product/10297098273059","Aftermarket Front Chrome Bumper Bar for Toyota 70 Series Landcruiser","70 Series"
"gid://shopify/Product/10297163677987","Aftermarket 70 Series Troop Carrier Front Roof Panel Cut Suitable for Toyota Landcruiser 70 Series Troop Carrier","70 Series"
"gid://shopify/Product/10297182748963","Aftermarket 70 Series Troop Carrier Rear Roof Panel Cut Suitable for Toyota Landcruiser 70 Series Troop Carrier","70 Series"
"gid://shopify/Product/10297281708323","Epic 12 Volt Remote 360 Degree Led Search Light/Spotlight Magnetic Mount 72 Degrees Up and Down","Universal"
"gid://shopify/Product/10297311592739","NU Finish Fantastic Lite Body Filler","Universal"
"gid://shopify/Product/10297313755427","NU Finish Maxfill Gold Filler","Universal"
"gid://shopify/Product/10297333186851","NU Finish Super Fine Body Filler","Universal"
"gid://shopify/Product/10298380976419","Aftermarket Roof Skin for Toyota Landcruiser 70/78 Series Troop Carrier","70 Series, 78 Series"
"gid://shopify/Product/10298411090211","Aftermarket Right Hand Door Seal for Toyota Landcruiser 75 Series Ute","75 Series"
"gid://shopify/Product/10298425770275","Aftermarket Left Hand Door Seal for Toyota Landcruiser 75 Series Ute","75 Series"
"gid://shopify/Product/10298428719395","Aftermarket Rear Cab Corner Seal for Toyota Landcruiser 75 Series Ute","75 Series"
"gid://shopify/Product/10298431013155","Aftermarket Lower Windscreen Seal for Toyota Landcruiser 75 Series Ute","75 Series"
"gid://shopify/Product/10298446283043","Aftermarket Front Roof Seal for Toyota Landcruiser 75 Series Ute","75 Series"
"gid://shopify/Product/10298448118051","Aftermarket Speaker Pods for Toyota Landcruiser 70 Series","70 Series"